{"cameraMode":{"drawMode":0,"name":"Shaded","section":"Shading Mode"},"sceneLighting":false,"audioPlay":false,"sceneViewState":{"showFog":true,"showMaterialUpdate":false,"showSkybox":false,"showFlares":true,"showImageEffects":true,"showParticleSystems":true},"in2DMode":false,"pivot":{"x":0.16843968629837037,"y":0.44688260555267336,"z":-0.2629275918006897},"rotation":{"x":0.06345973163843155,"y":0.9179067015647888,"z":-0.16362322866916657,"w":0.3559131920337677},"size":0.7286826968193054,"orthographic":false}