{"cameraMode":{"drawMode":0,"name":"Shaded","section":"Shading Mode"},"sceneLighting":false,"audioPlay":false,"sceneViewState":{"showFog":true,"showMaterialUpdate":false,"showSkybox":false,"showFlares":true,"showImageEffects":true,"showParticleSystems":true},"in2DMode":false,"pivot":{"x":-0.3541828691959381,"y":0.25783276557922366,"z":-1.4954097270965577},"rotation":{"x":0.006829509045928717,"y":-0.9921645522117615,"z":0.10788342356681824,"w":0.06288157403469086},"size":3.2834584712982179,"orthographic":false}