{"cameraMode":{"drawMode":0,"name":"Shaded","section":"Shading Mode"},"sceneLighting":false,"audioPlay":false,"sceneViewState":{"showFog":true,"showMaterialUpdate":false,"showSkybox":false,"showFlares":true,"showImageEffects":true,"showParticleSystems":true},"in2DMode":false,"pivot":{"x":2.0519351959228517,"y":0.5357074737548828,"z":2.151571035385132},"rotation":{"x":-0.00313367135822773,"y":0.9792772531509399,"z":-0.20198829472064973,"w":-0.01528201438486576},"size":0.7286827564239502,"orthographic":false}