{"cameraMode":{"drawMode":0,"name":"Shaded","section":"Shading Mode"},"sceneLighting":false,"audioPlay":false,"sceneViewState":{"showFog":true,"showMaterialUpdate":false,"showSkybox":false,"showFlares":true,"showImageEffects":true,"showParticleSystems":true},"in2DMode":false,"pivot":{"x":5.935512542724609,"y":0.06561785936355591,"z":-0.09881965816020966},"rotation":{"x":0.5384888648986816,"y":-0.41072800755500796,"z":0.33859682083129885,"w":0.6532432436943054},"size":16.260530471801759,"orthographic":false}